-- phpMyAdmin SQL Dump
-- version 5.2.1
-- https://www.phpmyadmin.net/
--
-- Host: 127.0.0.1
-- Generation Time: Oct 08, 2025 at 02:23 AM
-- Server version: 10.4.32-MariaDB
-- PHP Version: 8.2.12

SET SQL_MODE = "NO_AUTO_VALUE_ON_ZERO";
START TRANSACTION;
SET time_zone = "+00:00";


/*!40101 SET @OLD_CHARACTER_SET_CLIENT=@@CHARACTER_SET_CLIENT */;
/*!40101 SET @OLD_CHARACTER_SET_RESULTS=@@CHARACTER_SET_RESULTS */;
/*!40101 SET @OLD_COLLATION_CONNECTION=@@COLLATION_CONNECTION */;
/*!40101 SET NAMES utf8mb4 */;

--
-- Database: `payslip-generator`
--

-- --------------------------------------------------------

--
-- Table structure for table `department`
--

CREATE TABLE `department` (
  `id` int(11) NOT NULL,
  `department_name` varchar(100) NOT NULL
) ENGINE=InnoDB DEFAULT CHARSET=latin1 COLLATE=latin1_swedish_ci;

--
-- Dumping data for table `department`
--

INSERT INTO `department` (`id`, `department_name`) VALUES
(1, 'General Administration'),
(2, 'Auxilliary'),
(3, 'Advance Education'),
(4, 'College of Engineering'),
(5, 'College of Industrial Technology'),
(6, 'College of Business Administration and Accountancy'),
(7, 'College of Arts and Sciences'),
(8, 'College of Architecture and Fine Arts'),
(9, 'College of Education'),
(10, 'Physical Education'),
(11, 'Research'),
(12, 'Cavite Extension'),
(13, 'Temporary Employee'),
(14, 'New Employee Batch 3'),
(15, 'New Employee Batch 4'),
(16, 'New Employee Batch A');

-- --------------------------------------------------------

--
-- Table structure for table `employeedatapayroll`
--

CREATE TABLE `employeedatapayroll` (
  `id` int(11) NOT NULL,
  `month_id` int(11) DEFAULT NULL,
  `department_id` int(11) DEFAULT NULL,
  `name` varchar(100) DEFAULT NULL,
  `position` varchar(100) DEFAULT NULL,
  `rateNbc594` float DEFAULT NULL,
  `nbcDiffl597` varchar(250) DEFAULT NULL,
  `increment` float DEFAULT NULL,
  `grossSalary` float DEFAULT NULL,
  `absent` float DEFAULT NULL,
  `days` float DEFAULT NULL,
  `hours` float DEFAULT NULL,
  `minutes` float DEFAULT NULL,
  `netSalary` varchar(100) DEFAULT NULL,
  `withHoldingTax` float DEFAULT NULL,
  `totalGsisDeds` float DEFAULT NULL,
  `totalPagibigDeds` float DEFAULT NULL,
  `philHealthEmployeeShare` float DEFAULT NULL,
  `totalOtherDeds` float DEFAULT NULL,
  `totalDeds` float DEFAULT NULL,
  `pay1st` float DEFAULT NULL,
  `pay2nd` float DEFAULT NULL,
  `rtIns` float DEFAULT NULL,
  `employeesCompensation` float DEFAULT NULL,
  `philHealthGovernmentShare` float DEFAULT NULL,
  `pagibig` float DEFAULT NULL,
  `created_at` timestamp NOT NULL DEFAULT current_timestamp(),
  `department` varchar(100) DEFAULT NULL,
  `month` varchar(100) DEFAULT NULL
) ENGINE=InnoDB DEFAULT CHARSET=latin1 COLLATE=latin1_swedish_ci;

--
-- Dumping data for table `employeedatapayroll`
--

INSERT INTO `employeedatapayroll` (`id`, `month_id`, `department_id`, `name`, `position`, `rateNbc594`, `nbcDiffl597`, `increment`, `grossSalary`, `absent`, `days`, `hours`, `minutes`, `netSalary`, `withHoldingTax`, `totalGsisDeds`, `totalPagibigDeds`, `philHealthEmployeeShare`, `totalOtherDeds`, `totalDeds`, `pay1st`, `pay2nd`, `rtIns`, `employeesCompensation`, `philHealthGovernmentShare`, `pagibig`, `created_at`, `department`, `month`) VALUES
(1, 7, 1, 'AGNAS. RAMON A.', 'COOK I', 15384, '587', 0, 15971, 0, 0, 0, 0, '15971', 0, 5065.59, 200, 399.27, 5306.14, 10971, 2500, 2500, 1916.52, 100, 0, 200, '2025-10-07 17:46:56', NULL, NULL),
(2, 7, 1, 'ALDECOA, MECHORITA L.', 'COOK I', 15265, '587', 0, 15852, 0, 0, 0, 0, '15852', 0, 1426.68, 1453.21, 396.3, 100, 3376.19, 6238, 6237.81, 1902.24, 100, 0, 200, '2025-10-07 17:46:56', NULL, NULL),
(3, 7, 1, 'ANSIGOT, CERILA B.', 'SEC.', 15265, '587', 119, 15852, 0, 0, 0, 0, '15971', 0, 1437.39, 200, 399.27, 100, 2136.66, 6917, 6917.34, 1916.52, 100, 0, 200, '2025-10-07 17:46:56', NULL, NULL),
(4, 7, 1, 'BARBARONA, DANICA ANN D.', 'ADMIN OFF. II', 28512, '1512', 0, 30024, 0, 0, 0, 0, '30024', 830.69, 8064.21, 200, 750.6, 4560.92, 14406.4, 7809, 7808.58, 3602.88, 100, 0, 200, '2025-10-07 17:46:56', NULL, NULL),
(5, 7, 1, 'BUNGAY, MICHELLE ANN M.', 'ADMIN', 18255, '702', 0, 18957, 0, 0, 0, 0, '18957', 0, 1706.13, 1860.42, 473.92, 254.71, 4295.18, 7331, 7330.82, 2274.84, 100, 0, 200, '2025-10-07 17:46:56', NULL, NULL),
(6, 7, 1, 'CABOGATAN, PRINSES T.', 'INT. AUD, I', 28512, '1512', 0, 30024, 0, 0, 0, 0, '30024', 830.69, 2702.16, 200, 750.6, 250.55, 4734, 12645, 12645, 3602.88, 100, 0, 200, '2025-10-07 17:46:56', NULL, NULL),
(7, 7, 1, 'CABRERA, MATEO JR. B.', 'SEC.', 20534, '914', 194, 21448, 0, 0, 0, 0, '21642', 0, 4976.38, 2246.06, 541.05, 7597.51, 15361, 3141, 3140, 2597.04, 100, 0, 200, '2025-10-07 17:46:56', NULL, NULL),
(8, 7, 1, 'CALISING, EMILIE R.', 'ADMIN OFF I', 24381, '1205', 0, 25586, 0, 0, 0, 0, '25586', 241.54, 2302.74, 200, 639.65, 200, 3583.93, 11001, 11001.1, 3070.32, 100, 0, 200, '2025-10-07 17:46:56', NULL, NULL),
(9, 7, 1, 'CALUPAS, JOHNNY S.', 'ADMIN.', 14372, '553', 110, 14925, 0, 0, 0, 0, '15035', 0, 4182.91, 200, 375.87, 2617, 7375.78, 3830, 3829.22, 1804.2, 100, 0, 200, '2025-10-07 17:46:56', NULL, NULL),
(10, 7, 1, 'CAMANNONG, JERRY L.', 'ADMIN.', 14482, '553', 0, 15035, 0, 0, 0, 0, '15035', 0, 4077.66, 600, 375.87, 2703.02, 7756.55, 3639, 3639.45, 1804.2, 100, 0, 200, '2025-10-07 17:46:56', NULL, NULL),
(11, 7, 1, 'CANLAS, RODOLFO S.', 'ADMIN.', 13979, '530', 117, 14509, 0, 0, 0, 0, '14626', 0, 5229.86, 200, 365.65, 3830.49, 9626, 2500, 2500, 1755.12, 100, 0, 200, '2025-10-07 17:46:56', NULL, NULL),
(12, 7, 1, 'CANLAS, JEROME P.', 'ADMIN', 18255, '702', 0, 18957, 0, 0, 0, 0, '18957', 0, 1706.13, 200, 473.92, 162.31, 2542.36, 8207, 8207.64, 2274.84, 100, 0, 200, '2025-10-07 17:46:56', NULL, NULL),
(13, 7, 1, 'CASTILLO, ANJIELICA MAY C.', 'ADMIN', 18255, '702', 0, 18957, 0, 0, 0, 0, '18957', 0, 1706.13, 200, 473.92, 229.94, 2609.99, 8174, 8173.01, 2274.84, 100, 0, 200, '2025-10-07 17:46:56', NULL, NULL),
(14, 7, 1, 'CASTILLO, CLARINDA E.', 'ADMIN. OFF. III', 35434, '1590', 0, 37024, 14331.9, 12, 0, 0, '22692.129999999997', 1759.94, 7876.08, 200, 925.6, 6930.51, 17692.1, 2500, 2500, 4442.88, 100, 0, 200, '2025-10-07 17:46:56', NULL, NULL),
(15, 7, 1, 'CASUGA, HANNAH LORRAINE A.', 'ADMIN. OFF. I', 24381, '1205', 0, 25586, 0, 0, 0, 0, '25586', 241.54, 2302.74, 700, 639.65, 100, 3983.93, 10801, 10801.1, 3070.32, 100, 0, 200, '2025-10-07 17:46:56', NULL, NULL),
(16, 7, 1, 'CAYANAN, ADRIAN D,', 'ADMIN', 16209, '624', 0, 16833, 0, 0, 0, 0, '16833', 0, 1514.97, 200, 420.82, 254.71, 2390.5, 7221, 7221.5, 2019.96, 100, 0, 200, '2025-10-07 17:46:56', NULL, NULL),
(17, 7, 1, 'CORNELIO, JOSE R.', 'ADMIN.', 51721, '2289', 0, 54010, 5226.77, 3, 0, 0, '48783.229999999996', 5028.44, 12849.7, 1887.52, 1350.25, 2200, 23315.9, 12734, 12733.3, 6481.2, 100, 0, 200, '2025-10-07 17:46:56', NULL, NULL),
(18, 7, 1, 'DANAO, LEONARD CRIS D.', 'ADMIN', 24381, '1205', 0, 25586, 0, 0, 0, 0, '25586', 241.54, 2302.74, 200, 639.65, 213.28, 3597.21, 10994, 10994.8, 3070.32, 100, 0, 200, '2025-10-07 17:46:56', NULL, NULL),
(19, 7, 1, 'DE GUZMAN, DIGNA G.', 'ADMIN', 20534, '914', 0, 21448, 0, 0, 0, 0, '21448', 0, 1930.32, 200, 536.2, 200, 2866.52, 9291, 9290.48, 2573.76, 100, 0, 200, '2025-10-07 17:46:56', NULL, NULL),
(20, 7, 1, 'DITAN, JAYPEE P.', 'ADMIN', 18255, '702', 0, 18957, 0, 0, 0, 0, '18957', 0, 1706.13, 686.17, 473.92, 213.28, 3079.5, 7939, 7938.5, 2274.84, 100, 0, 200, '2025-10-07 17:46:56', NULL, NULL),
(21, 7, 1, 'ERA, LYDIA N.', 'PLANNING', 38413, '1795', 0, 40208, 0, 0, 0, 0, '40208', 2285.15, 20613.2, 200, 1005.2, 6513.51, 30617.1, 4795, 4795.89, 4824.96, 100, 0, 200, '2025-10-07 17:46:56', NULL, NULL),
(22, 7, 1, 'FAMILARA, GILDA S.', 'BOARD', 97230, '4053', 0, 101283, 0, 0, 0, 0, '101283', 16587, 20351.4, 200, 2500, 100, 39738.4, 30772, 30772.6, 12154, 100, 0, 200, '2025-10-07 17:46:56', NULL, NULL),
(23, 7, 1, 'GUBATON, EVA KAREN C.', 'ADMIN.', 13633, '530', 115, 14163, 0, 0, 0, 0, '14278', 0, 1285.02, 200, 356.95, 100, 1941.97, 6168, 6168.03, 1713.36, 100, 0, 200, '2025-10-07 17:46:56', NULL, NULL),
(24, 7, 1, 'HAPITA, JESSICA M.', 'ADMIN', 20534, '914', 0, 21448, 0, 0, 0, 0, '21448', 0, 1930.32, 579.65, 536.2, 254.71, 3300.88, 9074, 9073.12, 2573.76, 100, 0, 200, '2025-10-07 17:46:56', NULL, NULL),
(25, 7, 1, 'IBARRIENTOS, CATALINO V.', 'SEC. GUARD I', 15265, '587', 119, 15852, 0, 0, 0, 0, '15971', 0, 4979.59, 200, 399.27, 200, 5778.86, 5096, 5096.14, 1916.52, 100, 0, 200, '2025-10-07 17:46:56', NULL, NULL),
(26, 7, 1, 'JACINTO, ESPERANZA S.', 'INTERNAL AUDITOR I', 28512, '1512', 0, 30024, 0, 0, 0, 0, '30024', 830.69, 4003.72, 200, 750.6, 100, 5885.01, 12069, 12070, 3602.88, 100, 0, 200, '2025-10-07 17:46:56', NULL, NULL),
(27, 7, 1, 'KIRONG, PEDRO ROMMEL D.', 'ADMIN.', 23551, '1007', 0, 24558, 0, 0, 0, 0, '24558', 105.07, 2210.22, 200, 613.95, 6166.26, 9295.5, 7631, 7631.5, 2946.96, 100, 0, 200, '2025-10-07 17:46:56', NULL, NULL),
(28, 7, 1, 'LARA, EDWIN B.', 'ADMN', 22219, '1007', 0, 23226, 0, 0, 0, 0, '23226', 0, 2090.34, 200, 580.65, 100, 2970.99, 10128, 10127, 2787.12, 100, 0, 200, '2025-10-07 17:46:56', NULL, NULL),
(29, 7, 1, 'LIPNICA, MANUEL JR. S.', 'ADMIN.', 14331, '531', 0, 14862, 0, 0, 0, 0, '14862', 0, 4802.6, 648.8, 371.55, 4039.05, 9862, 2500, 2500, 1783.44, 100, 0, 200, '2025-10-07 17:46:56', NULL, NULL),
(30, 7, 1, 'LORENZO, JOHN LLOYD F.', 'ADMIN', 18255, '702', 0, 18957, 0, 0, 0, 0, '18957', 0, 4293.63, 200, 473.92, 213.28, 5180.83, 6888, 6888.17, 2274.84, 100, 0, 200, '2025-10-07 17:46:56', NULL, NULL),
(31, 7, 1, 'MAGDARAOG, MAY B.', 'INFO', 28512, '1512', 0, 30024, 0, 0, 0, 0, '30024', 830.69, 5224.13, 200, 750.6, 238.05, 7243.47, 11390, 11390.5, 3602.88, 100, 0, 200, '2025-10-07 17:46:56', NULL, NULL),
(32, 7, 1, 'MALTO, JUDITH N.', 'ADMIN', 28512, '1512', 0, 30024, 0, 0, 0, 0, '30024', 830.69, 5848.84, 200, 750.6, 250.55, 7880.68, 11072, 11071.3, 3602.88, 100, 0, 200, '2025-10-07 17:46:56', NULL, NULL),
(33, 7, 1, 'MAMARADLO, ROGELIO T.', 'SUC', 136893, '5770', 0, 142663, 0, 0, 0, 0, '142663', 27725.1, 49824.8, 200, 2500, 21104.5, 101354, 20654, 20654.5, 17119.6, 100, 0, 200, '2025-10-07 17:46:56', NULL, NULL),
(34, 7, 1, 'MANINGAT, GENEROSO JR. A.', 'INT. AUDITOR II', 38413, '1795', 0, 40208, 0, 0, 0, 0, '40208', 2285.15, 5923.01, 200, 1005.2, 17966.1, 27379.4, 6414, 6414.57, 4824.96, 100, 0, 200, '2025-10-07 17:46:56', NULL, NULL),
(35, 7, 1, 'MANUEL, ELIJAH DENELLE E.', 'INFO SYS.', 30705, '1540', 0, 32245, 0, 0, 0, 0, '32245', 1125.52, 2902.05, 200, 806.12, 213.28, 5246.97, 13499, 13499, 3869.4, 100, 0, 200, '2025-10-07 17:46:56', NULL, NULL),
(36, 7, 1, 'MARCHAN, JOHN HARVEY P.', 'ADMIN', 20534, '914', 0, 21448, 0, 0, 0, 0, '21448', 0, 1930.32, 200, 536.2, 213.28, 2879.8, 9284, 9284.2, 2573.76, 100, 0, 200, '2025-10-07 17:46:56', NULL, NULL),
(37, 7, 1, 'MERCADO, RONALYN JOY E.', 'ADMIN OFF. V', 49015, '2289', 0, 51304, 0, 0, 0, 0, '51304', 4459.28, 9269.86, 200, 1282.6, 5575, 20786.7, 15259, 15258.3, 6156.48, 100, 0, 200, '2025-10-07 17:46:56', NULL, NULL),
(38, 7, 1, 'NAMUAG, CEDIE JESUS N.', 'ADMIN', 18255, '702', 0, 18957, 0, 0, 0, 0, '18957', 0, 3275.72, 200, 473.92, 6828.89, 10778.5, 4089, 4089.47, 2274.84, 100, 0, 200, '2025-10-07 17:46:56', NULL, NULL),
(39, 7, 1, 'NUQUE, ANTHONY M.', 'ADMIN. OFF. IV', 38413, '1795', 0, 40208, 0, 0, 0, 0, '40208', 2285.15, 10740.2, 1008.9, 1005.2, 8723.24, 23762.7, 8223, 8222.31, 4824.96, 100, 0, 200, '2025-10-07 17:46:56', NULL, NULL),
(40, 7, 1, 'OCHOA. PEGGY M.', 'MED. OFF. III', 70016, '3008', 0, 73024, 0, 0, 0, 0, '73024', 9149.23, 19476.6, 200, 1825.6, 2269.5, 32921, 20052, 20051, 8762.88, 100, 0, 200, '2025-10-07 17:46:56', NULL, NULL),
(41, 7, 1, 'PEÑA, ROCELYN A.', 'ADMIN. OFF. I', 24790, '1206', 0, 25996, 0, 0, 0, 0, '25996', 295.97, 6161.77, 200, 649.9, 100, 7407.64, 9294, 9294.36, 3119.52, 100, 0, 200, '2025-10-07 17:46:56', NULL, NULL),
(42, 7, 1, 'PINGOL, MARK ANTHONY N.', 'ADMIN', 20534, '914', 0, 21448, 0, 0, 0, 0, '21448', 0, 4232.83, 200, 536.2, 9286.85, 14255.9, 3596, 3596.12, 2573.76, 100, 0, 200, '2025-10-07 17:46:56', NULL, NULL),
(43, 7, 1, 'POTOTOY, ANA CATHERINE P.', 'ADMIN. ASST. II', 20534, '914', 0, 21448, 0, 0, 0, 0, '21448', 0, 4095.06, 4746.62, 536.2, 4203.78, 13581.7, 3933, 3933.34, 2573.76, 100, 0, 200, '2025-10-07 17:46:56', NULL, NULL),
(44, 7, 1, 'ROLDAN, DANA J.', 'ADMIN.', 51166, '2290', 554, 53456, 0, 0, 0, 0, '54010', 4987.58, 4860.9, 200, 1350.25, 300, 11698.7, 21156, 21155.3, 6481.2, 100, 0, 200, '2025-10-07 17:46:56', NULL, NULL),
(45, 7, 1, 'RULLODA, JOY B.', 'ADMIN. OFF. V', 49015, '2289', 0, 51304, 8450.68, 5, 0, 0, '42853.32', 4459.28, 4617.36, 200, 1282.6, 200, 10759.2, 16047, 16047.1, 6156.48, 100, 0, 200, '2025-10-07 17:46:56', NULL, NULL),
(46, 7, 1, 'SAKAINO, YUICHI JR. R.', 'ADMIN. OFF. III', 35434, '1590', 0, 37024, 0, 0, 0, 0, '37024', 1759.94, 3332.16, 200, 925.6, 200, 6417.7, 15303, 15303.3, 4442.88, 100, 0, 200, '2025-10-07 17:46:56', NULL, NULL),
(47, 7, 1, 'SARMIENTO, JONATHAN S.', 'ADMIN', 18255, '702', 0, 18957, 535.08, 0, 7, 0, '18421.92', 0, 1706.13, 200, 473.92, 213.28, 2593.33, 7914, 7914.59, 2274.84, 100, 0, 200, '2025-10-07 17:46:56', NULL, NULL),
(48, 7, 1, 'SOLIS, MAE M.', 'ADMIN.', 18255, '702', 0, 18957, 0, 0, 0, 0, '18957', 0, 1706.13, 200, 473.92, 200, 2580.05, 8188, 8188.95, 2274.84, 100, 0, 200, '2025-10-07 17:46:56', NULL, NULL),
(49, 7, 1, 'SOTTO, ALVIN DALEMAR T.', 'DENTIST II', 45138, '2109', 0, 47247, 0, 0, 0, 0, '47247', 3605.95, 6368.28, 200, 1181.17, 100, 11455.4, 17896, 17895.6, 5669.64, 100, 0, 200, '2025-10-07 17:46:56', NULL, NULL),
(50, 7, 1, 'TABERMEJO, JESSIE O.', 'PROJ DEVT', 38413, '1795', 0, 40208, 0, 0, 0, 0, '40208', 2285.15, 3618.72, 200, 1005.2, 213.28, 7322.35, 16443, 16442.7, 4824.96, 100, 0, 200, '2025-10-07 17:46:56', NULL, NULL),
(51, 7, 1, 'TABILISMA, KECY MIRASOL C.', 'NURSE II', 41616, '1944', 0, 43560, 1405.16, 1, 0, 0, '42154.84', 2878.45, 7782.97, 200, 1089, 14882.2, 26832.6, 7661, 7661.25, 5227.2, 100, 0, 200, '2025-10-07 17:46:56', NULL, NULL),
(52, 7, 1, 'TIPAN, FLORDELINA I.', 'ADMIN', 28512, '1512', 0, 30024, 0, 0, 0, 0, '30024', 830.69, 2702.16, 1200, 750.6, 2200, 7683.45, 11170, 11170.5, 3602.88, 100, 0, 200, '2025-10-07 17:46:56', NULL, NULL),
(53, 7, 1, 'TRIÑANES, CRISTINA T.', 'ADMIN ASST. II', 20534, '914', 0, 21448, 345.94, 0, 4, 0, '21102.06', 0, 5812, 200, 536.2, 200, 6748.2, 7177, 7176.86, 2573.76, 100, 0, 200, '2025-10-07 17:46:56', NULL, NULL),
(54, 7, 1, 'VALENZUELA, ARCHIE S.', 'SEC', 15265, '587', 0, 15852, 0, 0, 0, 0, '15852', 0, 3395.62, 200, 396.3, 5366.48, 9358.4, 3247, 3246.6, 1902.24, 100, 0, 200, '2025-10-07 17:46:56', NULL, NULL),
(55, 7, 1, 'VILLACERAN, AVELINO V.', 'SEC. GUARD I', 15265, '587', 119, 15852, 0, 0, 0, 0, '15971', 0, 3346.69, 200, 399.27, 6919.72, 10865.7, 2553, 2552.32, 1916.52, 100, 0, 200, '2025-10-07 17:46:56', NULL, NULL),
(56, 7, 1, 'VILLACERAN, CHARLIE V.', 'ADMIN AIDE IV', 16209, '624', 0, 16833, 0, 0, 0, 0, '16833', 0, 5200.66, 200, 420.82, 6011.52, 11833, 2500, 2500, 2019.96, 100, 0, 200, '2025-10-07 17:46:56', NULL, NULL),
(57, 7, 1, 'ZETA, RODRIGO P.', 'SEC. GUARD I', 15741, '588', 119, 16329, 0, 0, 0, 0, '16448', 0, 4941.1, 1581.78, 411.2, 4513.92, 11448, 2500, 2500, 1973.76, 100, 0, 200, '2025-10-07 17:46:56', NULL, NULL),
(58, 7, 1, 'FINAL TOTALS:', '', 1662250, '73917', 1566, 1736170, 30295.5, 0, 0, 0, '1707440.5', 98776.1, 329923, 27999.1, 42344.7, 174305, 673347, 517047, 517046, 208528, 5700, 0, 11400, '2025-10-07 17:46:57', NULL, NULL),
(59, 7, 1, 'Prepared by:', '', 0, '0', 0, 0, 0, 0, 0, 0, '0', 0, 0, 0, 0, 0, 0, 0, 0, 0, 0, 0, 0, '2025-10-07 17:46:57', NULL, NULL),
(60, 7, 1, 'MARJORIE E. ONDRA', '', 0, '0', 0, 0, 0, 0, 0, 0, '0', 0, 0, 0, 0, 0, 0, 0, 0, 0, 0, 0, 0, '2025-10-07 17:46:57', NULL, NULL),
(61, 7, 1, 'Staff, HRMS', '', 0, '0', 0, 0, 0, 0, 0, 0, '0', 0, 0, 0, 0, 0, 0, 0, 0, 0, 0, 0, 0, '2025-10-07 17:46:57', NULL, NULL);

-- --------------------------------------------------------

--
-- Table structure for table `employeedataremittance`
--

CREATE TABLE `employeedataremittance` (
  `id` int(11) NOT NULL,
  `payroll_id` int(11) DEFAULT NULL,
  `month_id` int(11) DEFAULT NULL,
  `department_id` int(11) DEFAULT NULL,
  `name` varchar(100) DEFAULT NULL,
  `position` varchar(100) DEFAULT NULL,
  `withHoldingTax` varchar(250) DEFAULT NULL,
  `personalLifeRet` float DEFAULT NULL,
  `gsisSalaryLoan` float DEFAULT NULL,
  `gsisPolicyLoan` float DEFAULT NULL,
  `gfal` float DEFAULT NULL,
  `cpl` float DEFAULT NULL,
  `mpl` float DEFAULT NULL,
  `mplLite` float DEFAULT NULL,
  `emergencyLoan` float DEFAULT NULL,
  `totalGsisDeds` float DEFAULT NULL,
  `pagibigFundCont` float DEFAULT NULL,
  `pagibig2` float DEFAULT NULL,
  `multiPurpLoan` float DEFAULT NULL,
  `pagibigCalamityLoan` float DEFAULT NULL,
  `totalPagibigDeds` float DEFAULT NULL,
  `philHealth` float DEFAULT NULL,
  `disallowance` float DEFAULT NULL,
  `landbankSalaryLoan` float DEFAULT NULL,
  `earistCreditCoop` float DEFAULT NULL,
  `feu` float DEFAULT NULL,
  `mtslaSalaryLoan` float DEFAULT NULL,
  `esla` float DEFAULT NULL,
  `totalOtherDeds` float DEFAULT NULL,
  `totalDeds` float DEFAULT NULL,
  `created_at` timestamp NOT NULL DEFAULT current_timestamp(),
  `department` varchar(100) DEFAULT NULL,
  `month` varchar(100) DEFAULT NULL
) ENGINE=InnoDB DEFAULT CHARSET=latin1 COLLATE=latin1_swedish_ci;

--
-- Dumping data for table `employeedataremittance`
--

INSERT INTO `employeedataremittance` (`id`, `payroll_id`, `month_id`, `department_id`, `name`, `position`, `withHoldingTax`, `personalLifeRet`, `gsisSalaryLoan`, `gsisPolicyLoan`, `gfal`, `cpl`, `mpl`, `mplLite`, `emergencyLoan`, `totalGsisDeds`, `pagibigFundCont`, `pagibig2`, `multiPurpLoan`, `pagibigCalamityLoan`, `totalPagibigDeds`, `philHealth`, `disallowance`, `landbankSalaryLoan`, `earistCreditCoop`, `feu`, `mtslaSalaryLoan`, `esla`, `totalOtherDeds`, `totalDeds`, `created_at`, `department`, `month`) VALUES
(926, 1, 7, 1, 'AGNAS. RAMON A.', 'COOK I', '0', 5000, 2500, 0, 0, 0, 0, 2892.43, 735.77, 5065.59, 200, 0, 0, 0, 200, 0, 0, 4166.91, 1039.23, 100, 0, 0, 5306.14, 10971, '2025-10-07 17:46:56', NULL, NULL),
(927, 2, 7, 1, 'ALDECOA, MECHORITA L.', 'COOK I', '0', 12475.8, 6237.9, 0, 0, 0, 0, 0, 0, 1426.68, 200, 0, 1253.21, 0, 1453.21, 0, 0, 0, 0, 100, 0, 0, 100, 3376.19, '2025-10-07 17:46:56', NULL, NULL),
(928, 3, 7, 1, 'ANSIGOT, CERILA B.', 'SEC.', '0', 13834.3, 6917.17, 0, 0, 0, 0, 0, 0, 1437.39, 200, 0, 0, 0, 200, 0, 0, 0, 0, 100, 0, 0, 100, 2136.66, '2025-10-07 17:46:56', NULL, NULL),
(929, 4, 7, 1, 'BARBARONA, DANICA ANN D.', 'ADMIN OFF. II', '830.69', 15617.6, 7808.79, 0, 0, 0, 0, 2889.82, 655.56, 8064.21, 200, 0, 0, 0, 200, 0, 0, 2998.92, 1462, 100, 0, 0, 4560.92, 14406.4, '2025-10-07 17:46:56', NULL, NULL),
(930, 5, 7, 1, 'BUNGAY, MICHELLE ANN M.', 'ADMIN', '0', 14661.8, 7330.91, 0, 0, 0, 0, 0, 0, 1706.13, 200, 0, 1660.42, 0, 1860.42, 0, 0, 0, 0, 254.71, 0, 0, 254.71, 4295.18, '2025-10-07 17:46:56', NULL, NULL),
(931, 6, 7, 1, 'CABOGATAN, PRINSES T.', 'INT. AUD, I', '830.69', 25290, 12645, 0, 0, 0, 0, 0, 0, 2702.16, 200, 0, 0, 0, 200, 0, 0, 0, 0, 250.55, 0, 0, 250.55, 4734, '2025-10-07 17:46:56', NULL, NULL),
(932, 7, 7, 1, 'CABRERA, MATEO JR. B.', 'SEC.', '0', 6281, 3140.5, 0, 0, 0, 0, 3028.6, 0, 4976.38, 400, 0, 1846.06, 0, 2246.06, 0, 0, 6313.51, 1184, 100, 0, 0, 7597.51, 15361, '2025-10-07 17:46:56', NULL, NULL),
(933, 8, 7, 1, 'CALISING, EMILIE R.', 'ADMIN OFF I', '241.54', 22002.1, 11001, 0, 0, 0, 0, 0, 0, 2302.74, 200, 0, 0, 0, 200, 0, 0, 0, 100, 100, 0, 0, 200, 3583.93, '2025-10-07 17:46:56', NULL, NULL),
(934, 9, 7, 1, 'CALUPAS, JOHNNY S.', 'ADMIN.', '0', 7659.22, 3829.61, 0, 0, 0, 0, 2829.76, 0, 4182.91, 200, 0, 0, 0, 200, 0, 0, 0, 2517, 100, 0, 0, 2617, 7375.78, '2025-10-07 17:46:56', NULL, NULL),
(935, 10, 7, 1, 'CAMANNONG, JERRY L.', 'ADMIN.', '0', 7278.45, 3639.23, 0, 0, 0, 0, 2724.51, 0, 4077.66, 600, 0, 0, 0, 600, 0, 0, 2503.02, 100, 100, 0, 0, 2703.02, 7756.55, '2025-10-07 17:46:56', NULL, NULL),
(936, 11, 7, 1, 'CANLAS, RODOLFO S.', 'ADMIN.', '0', 5000, 2500, 0, 0, 0, 0, 2628.06, 1285.46, 5229.86, 200, 0, 0, 0, 200, 0, 0, 3526.95, 203.54, 100, 0, 0, 3830.49, 9626, '2025-10-07 17:46:56', NULL, NULL),
(937, 12, 7, 1, 'CANLAS, JEROME P.', 'ADMIN', '0', 16414.6, 8207.32, 0, 0, 0, 0, 0, 0, 1706.13, 200, 0, 0, 0, 200, 0, 0, 0, 0, 162.31, 0, 0, 162.31, 2542.36, '2025-10-07 17:46:56', NULL, NULL),
(938, 13, 7, 1, 'CASTILLO, ANJIELICA MAY C.', 'ADMIN', '0', 16347, 8173.5, 0, 0, 0, 0, 0, 0, 1706.13, 200, 0, 0, 0, 200, 0, 0, 0, 0, 229.94, 0, 0, 229.94, 2609.99, '2025-10-07 17:46:56', NULL, NULL),
(939, 14, 7, 1, 'CASTILLO, CLARINDA E.', 'ADMIN. OFF. III', '1759.94', 5000, 2500, 0, 0, 0, 0, 4543.92, 0, 7876.08, 200, 0, 0, 0, 200, 0, 0, 1988.75, 4841.76, 100, 0, 0, 6930.51, 17692.1, '2025-10-07 17:46:56', NULL, NULL),
(940, 15, 7, 1, 'CASUGA, HANNAH LORRAINE A.', 'ADMIN. OFF. I', '241.54', 21602.1, 10801, 0, 0, 0, 0, 0, 0, 2302.74, 200, 500, 0, 0, 700, 0, 0, 0, 0, 100, 0, 0, 100, 3983.93, '2025-10-07 17:46:56', NULL, NULL),
(941, 16, 7, 1, 'CAYANAN, ADRIAN D,', 'ADMIN', '0', 14442.5, 7221.25, 0, 0, 0, 0, 0, 0, 1514.97, 200, 0, 0, 0, 200, 0, 0, 0, 0, 254.71, 0, 0, 254.71, 2390.5, '2025-10-07 17:46:56', NULL, NULL),
(942, 17, 7, 1, 'CORNELIO, JOSE R.', 'ADMIN.', '5028.44', 25467.3, 12733.7, 0, 0, 0, 0, 0, 0, 12849.7, 200, 0, 1687.52, 0, 1887.52, 0, 0, 0, 100, 2100, 0, 0, 2200, 23315.9, '2025-10-07 17:46:56', NULL, NULL),
(943, 18, 7, 1, 'DANAO, LEONARD CRIS D.', 'ADMIN', '241.54', 21988.8, 10994.4, 0, 0, 0, 0, 0, 0, 2302.74, 200, 0, 0, 0, 200, 0, 0, 0, 0, 213.28, 0, 0, 213.28, 3597.21, '2025-10-07 17:46:56', NULL, NULL),
(944, 19, 7, 1, 'DE GUZMAN, DIGNA G.', 'ADMIN', '0', 18581.5, 9290.74, 0, 0, 0, 0, 0, 0, 1930.32, 200, 0, 0, 0, 200, 0, 0, 0, 100, 100, 0, 0, 200, 2866.52, '2025-10-07 17:46:56', NULL, NULL),
(945, 20, 7, 1, 'DITAN, JAYPEE P.', 'ADMIN', '0', 15877.5, 7938.75, 0, 0, 0, 0, 0, 0, 1706.13, 200, 0, 486.17, 0, 686.17, 0, 0, 0, 0, 213.28, 0, 0, 213.28, 3079.5, '2025-10-07 17:46:56', NULL, NULL),
(946, 21, 7, 1, 'ERA, LYDIA N.', 'PLANNING', '2285.15', 9590.89, 4795.44, 1000, 9634.44, 0, 0, 5048.97, 1311.12, 20613.2, 200, 0, 0, 0, 200, 0, 0, 6313.51, 100, 100, 0, 0, 6513.51, 30617.1, '2025-10-07 17:46:56', NULL, NULL),
(947, 22, 7, 1, 'FAMILARA, GILDA S.', 'BOARD', '16587.01', 61544.6, 30772.3, 0, 0, 0, 0, 8902.59, 0, 20351.4, 200, 0, 0, 0, 200, 0, 0, 0, 0, 100, 0, 0, 100, 39738.4, '2025-10-07 17:46:56', NULL, NULL),
(948, 23, 7, 1, 'GUBATON, EVA KAREN C.', 'ADMIN.', '0', 12336, 6168.02, 0, 0, 0, 0, 0, 0, 1285.02, 200, 0, 0, 0, 200, 0, 0, 0, 0, 100, 0, 0, 100, 1941.97, '2025-10-07 17:46:56', NULL, NULL),
(949, 24, 7, 1, 'HAPITA, JESSICA M.', 'ADMIN', '0', 18147.1, 9073.56, 0, 0, 0, 0, 0, 0, 1930.32, 200, 0, 379.65, 0, 579.65, 0, 0, 0, 0, 254.71, 0, 0, 254.71, 3300.88, '2025-10-07 17:46:56', NULL, NULL),
(950, 25, 7, 1, 'IBARRIENTOS, CATALINO V.', 'SEC. GUARD I', '0', 10192.1, 5096.07, 0, 0, 0, 0, 3542.2, 0, 4979.59, 200, 0, 0, 0, 200, 0, 0, 0, 100, 100, 0, 0, 200, 5778.86, '2025-10-07 17:46:56', NULL, NULL),
(951, 26, 7, 1, 'JACINTO, ESPERANZA S.', 'INTERNAL AUDITOR I', '830.69', 24139, 12069.5, 0, 0, 0, 0, 1301.56, 0, 4003.72, 200, 0, 0, 0, 200, 0, 0, 0, 0, 100, 0, 0, 100, 5885.01, '2025-10-07 17:46:56', NULL, NULL),
(952, 27, 7, 1, 'KIRONG, PEDRO ROMMEL D.', 'ADMIN.', '105.07', 15262.5, 7631.25, 0, 0, 0, 0, 0, 0, 2210.22, 200, 0, 0, 0, 200, 0, 0, 5966.26, 100, 100, 0, 0, 6166.26, 9295.5, '2025-10-07 17:46:56', NULL, NULL),
(953, 28, 7, 1, 'LARA, EDWIN B.', 'ADMN', '0', 20255, 10127.5, 0, 0, 0, 0, 0, 0, 2090.34, 200, 0, 0, 0, 200, 0, 0, 0, 0, 100, 0, 0, 100, 2970.99, '2025-10-07 17:46:56', NULL, NULL),
(954, 29, 7, 1, 'LIPNICA, MANUEL JR. S.', 'ADMIN.', '0', 5000, 2500, 0, 0, 0, 0, 2694.61, 770.41, 4802.6, 200, 0, 448.8, 0, 648.8, 0, 0, 3156.75, 782.3, 100, 0, 0, 4039.05, 9862, '2025-10-07 17:46:56', NULL, NULL),
(955, 30, 7, 1, 'LORENZO, JOHN LLOYD F.', 'ADMIN', '0', 13776.2, 6888.08, 0, 0, 0, 0, 0, 0, 4293.63, 200, 0, 0, 0, 200, 0, 0, 0, 0, 213.28, 0, 0, 213.28, 5180.83, '2025-10-07 17:46:56', NULL, NULL),
(956, 31, 7, 1, 'MAGDARAOG, MAY B.', 'INFO', '830.69', 22780.5, 11390.3, 0, 0, 0, 0, 916.41, 655.56, 5224.13, 200, 0, 0, 0, 200, 0, 0, 0, 0, 238.05, 0, 0, 238.05, 7243.47, '2025-10-07 17:46:56', NULL, NULL),
(957, 32, 7, 1, 'MALTO, JUDITH N.', 'ADMIN', '830.69', 22143.3, 11071.7, 0, 0, 0, 0, 1363.35, 0, 5848.84, 200, 0, 0, 0, 200, 0, 0, 0, 0, 250.55, 0, 0, 250.55, 7880.68, '2025-10-07 17:46:56', NULL, NULL),
(958, 33, 7, 1, 'MAMARADLO, ROGELIO T.', 'SUC', '27725.12', 41308.5, 20654.3, 500, 9634.44, 0, 0, 26850.7, 0, 49824.8, 200, 0, 0, 0, 200, 0, 0, 20516.5, 0, 100, 488, 0, 21104.5, 101354, '2025-10-07 17:46:56', NULL, NULL),
(959, 34, 7, 1, 'MANINGAT, GENEROSO JR. A.', 'INT. AUDITOR II', '2285.15', 12828.6, 6414.29, 0, 0, 0, 0, 2304.29, 0, 5923.01, 200, 0, 0, 0, 200, 0, 0, 12191.1, 5675, 100, 0, 0, 17966.1, 27379.4, '2025-10-07 17:46:56', NULL, NULL),
(960, 35, 7, 1, 'MANUEL, ELIJAH DENELLE E.', 'INFO SYS.', '1125.52', 26998, 13499, 0, 0, 0, 0, 0, 0, 2902.05, 200, 0, 0, 0, 200, 0, 0, 0, 0, 213.28, 0, 0, 213.28, 5246.97, '2025-10-07 17:46:56', NULL, NULL),
(961, 36, 7, 1, 'MARCHAN, JOHN HARVEY P.', 'ADMIN', '0', 18568.2, 9284.1, 0, 0, 0, 0, 0, 0, 1930.32, 200, 0, 0, 0, 200, 0, 0, 0, 0, 213.28, 0, 0, 213.28, 2879.8, '2025-10-07 17:46:56', NULL, NULL),
(962, 37, 7, 1, 'MERCADO, RONALYN JOY E.', 'ADMIN OFF. V', '4459.28', 30517.3, 15258.6, 0, 0, 0, 0, 3996.94, 655.56, 9269.86, 200, 0, 0, 0, 200, 0, 0, 0, 5475, 100, 0, 0, 5575, 20786.7, '2025-10-07 17:46:56', NULL, NULL),
(963, 38, 7, 1, 'NAMUAG, CEDIE JESUS N.', 'ADMIN', '0', 8178.47, 4089.24, 0, 0, 0, 0, 619.59, 0, 3275.72, 200, 0, 0, 0, 200, 0, 0, 6615.61, 0, 213.28, 0, 0, 6828.89, 10778.5, '2025-10-07 17:46:56', NULL, NULL),
(964, 39, 7, 1, 'NUQUE, ANTHONY M.', 'ADMIN. OFF. IV', '2285.15', 16445.3, 8222.66, 0, 0, 0, 0, 5065.92, 655.56, 10740.2, 200, 0, 808.9, 0, 1008.9, 0, 0, 8523.24, 100, 100, 0, 0, 8723.24, 23762.7, '2025-10-07 17:46:56', NULL, NULL),
(965, 40, 7, 1, 'OCHOA. PEGGY M.', 'MED. OFF. III', '9149.23', 40103, 20051.5, 0, 0, 0, 0, 12248.9, 655.56, 19476.6, 200, 0, 0, 0, 200, 0, 0, 0, 2169.5, 100, 0, 0, 2269.5, 32921, '2025-10-07 17:46:56', NULL, NULL),
(966, 41, 7, 1, 'PEÑA, ROCELYN A.', 'ADMIN. OFF. I', '295.97', 18588.4, 9294.18, 0, 0, 0, 0, 3822.13, 0, 6161.77, 200, 0, 0, 0, 200, 0, 0, 0, 0, 100, 0, 0, 100, 7407.64, '2025-10-07 17:46:56', NULL, NULL),
(967, 42, 7, 1, 'PINGOL, MARK ANTHONY N.', 'ADMIN', '0', 7192.12, 3596.06, 0, 0, 0, 0, 696.95, 655.56, 4232.83, 200, 0, 0, 0, 200, 0, 0, 4545.57, 4128, 613.28, 0, 0, 9286.85, 14255.9, '2025-10-07 17:46:56', NULL, NULL),
(968, 43, 7, 1, 'POTOTOY, ANA CATHERINE P.', 'ADMIN. ASST. II', '0', 7866.34, 3933.17, 0, 0, 0, 0, 0, 0, 4095.06, 200, 0, 4546.62, 0, 4746.62, 0, 0, 4103.78, 0, 100, 0, 0, 4203.78, 13581.7, '2025-10-07 17:46:56', NULL, NULL),
(969, 44, 7, 1, 'ROLDAN, DANA J.', 'ADMIN.', '4987.58', 42311.3, 21155.6, 0, 0, 0, 0, 0, 0, 4860.9, 200, 0, 0, 0, 200, 0, 0, 0, 200, 100, 0, 0, 300, 11698.7, '2025-10-07 17:46:56', NULL, NULL),
(970, 45, 7, 1, 'RULLODA, JOY B.', 'ADMIN. OFF. V', '4459.28', 32094.1, 16047, 0, 0, 0, 51, 0, 0, 4617.36, 200, 0, 0, 0, 200, 0, 0, 0, 100, 100, 0, 0, 200, 10759.2, '2025-10-07 17:46:56', NULL, NULL),
(971, 46, 7, 1, 'SAKAINO, YUICHI JR. R.', 'ADMIN. OFF. III', '1759.94', 30606.3, 15303.2, 0, 0, 0, 0, 0, 0, 3332.16, 200, 0, 0, 0, 200, 0, 0, 0, 100, 100, 0, 0, 200, 6417.7, '2025-10-07 17:46:56', NULL, NULL),
(972, 47, 7, 1, 'SARMIENTO, JONATHAN S.', 'ADMIN', '0', 15828.6, 7914.29, 0, 0, 0, 0, 0, 0, 1706.13, 200, 0, 0, 0, 200, 0, 0, 0, 0, 213.28, 0, 0, 213.28, 2593.33, '2025-10-07 17:46:56', NULL, NULL),
(973, 48, 7, 1, 'SOLIS, MAE M.', 'ADMIN.', '0', 16377, 8188.48, 0, 0, 0, 0, 0, 0, 1706.13, 200, 0, 0, 0, 200, 0, 0, 0, 100, 100, 0, 0, 200, 2580.05, '2025-10-07 17:46:56', NULL, NULL),
(974, 49, 7, 1, 'SOTTO, ALVIN DALEMAR T.', 'DENTIST II', '3605.95', 35791.6, 17895.8, 0, 0, 0, 0, 1460.49, 655.56, 6368.28, 200, 0, 0, 0, 200, 0, 0, 0, 0, 100, 0, 0, 100, 11455.4, '2025-10-07 17:46:56', NULL, NULL),
(975, 50, 7, 1, 'TABERMEJO, JESSIE O.', 'PROJ DEVT', '2285.15', 32885.6, 16442.8, 0, 0, 0, 0, 0, 0, 3618.72, 200, 0, 0, 0, 200, 0, 0, 0, 0, 213.28, 0, 0, 213.28, 7322.35, '2025-10-07 17:46:56', NULL, NULL),
(976, 51, 7, 1, 'TABILISMA, KECY MIRASOL C.', 'NURSE II', '2878.45', 15322.2, 7661.12, 0, 0, 0, 0, 3207.01, 655.56, 7782.97, 200, 0, 0, 0, 200, 0, 0, 14382.2, 400, 100, 0, 0, 14882.2, 26832.6, '2025-10-07 17:46:56', NULL, NULL),
(977, 52, 7, 1, 'TIPAN, FLORDELINA I.', 'ADMIN', '830.69', 22340.6, 11170.3, 0, 0, 0, 0, 0, 0, 2702.16, 200, 1000, 0, 0, 1200, 0, 0, 0, 2100, 100, 0, 0, 2200, 7683.45, '2025-10-07 17:46:56', NULL, NULL),
(978, 53, 7, 1, 'TRIÑANES, CRISTINA T.', 'ADMIN ASST. II', '0', 14353.9, 7176.93, 0, 0, 0, 0, 1409.45, 655.56, 5812, 200, 0, 0, 0, 200, 0, 0, 0, 100, 100, 0, 0, 200, 6748.2, '2025-10-07 17:46:56', NULL, NULL),
(979, 54, 7, 1, 'VALENZUELA, ARCHIE S.', 'SEC', '0', 6493.6, 3246.8, 0, 0, 0, 0, 1313.38, 655.56, 3395.62, 200, 0, 0, 0, 200, 0, 0, 5366.48, 0, 0, 0, 0, 5366.48, 9358.4, '2025-10-07 17:46:56', NULL, NULL),
(980, 55, 7, 1, 'VILLACERAN, AVELINO V.', 'SEC. GUARD I', '0', 5105.32, 2552.66, 100, 0, 0, 0, 498.18, 1311.12, 3346.69, 200, 0, 0, 0, 200, 0, 0, 3156.75, 3162.97, 600, 0, 0, 6919.72, 10865.7, '2025-10-07 17:46:56', NULL, NULL),
(981, 56, 7, 1, 'VILLACERAN, CHARLIE V.', 'ADMIN AIDE IV', '0', 5000, 2500, 0, 0, 0, 0, 2394.42, 1291.27, 5200.66, 200, 0, 0, 0, 200, 0, 0, 4640.43, 100, 1271.09, 0, 0, 6011.52, 11833, '2025-10-07 17:46:56', NULL, NULL),
(982, 57, 7, 1, 'ZETA, RODRIGO P.', 'SEC. GUARD I', '0', 5000, 2500, 0, 0, 0, 0, 2213.9, 1246.88, 4941.1, 200, 0, 1381.78, 0, 1581.78, 0, 0, 0, 1913.92, 2600, 0, 0, 4513.92, 11448, '2025-10-07 17:46:56', NULL, NULL),
(983, 58, 7, 1, 'FINAL TOTALS:', '', '98776.13999999998', 1034090, 517047, 1600, 19268.9, 0, 0, 113409, 14507.6, 329923, 12000, 1500, 14499.1, 0, 27999.1, 0, 0, 120976, 38554.2, 14286.1, 488, 0, 174305, 673347, '2025-10-07 17:46:57', NULL, NULL),
(984, 59, 7, 1, 'Prepared by:', '', '0', 0, 0, 0, 0, 0, 0, 0, 0, 0, 0, 0, 0, 0, 0, 0, 0, 0, 0, 0, 0, 0, 0, 0, '2025-10-07 17:46:57', NULL, NULL),
(985, 60, 7, 1, 'MARJORIE E. ONDRA', '', '0', 0, 0, 0, 0, 0, 0, 0, 0, 0, 0, 0, 0, 0, 0, 0, 0, 0, 0, 0, 0, 0, 0, 0, '2025-10-07 17:46:57', NULL, NULL),
(986, 61, 7, 1, 'Staff, HRMS', '', '0', 0, 0, 0, 0, 0, 0, 0, 0, 0, 0, 0, 0, 0, 0, 0, 0, 0, 0, 0, 0, 0, 0, 0, '2025-10-07 17:46:57', NULL, NULL);

-- --------------------------------------------------------

--
-- Table structure for table `month`
--

CREATE TABLE `month` (
  `id` int(11) NOT NULL,
  `month_name` varchar(100) NOT NULL,
  `department_id` int(11) DEFAULT NULL
) ENGINE=InnoDB DEFAULT CHARSET=latin1 COLLATE=latin1_swedish_ci;

--
-- Dumping data for table `month`
--

INSERT INTO `month` (`id`, `month_name`, `department_id`) VALUES
(1, 'January', NULL),
(2, 'February', NULL),
(3, 'March', NULL),
(4, 'April', NULL),
(5, 'May', NULL),
(6, 'June', NULL),
(7, 'July', NULL),
(8, 'August', NULL),
(9, 'September', NULL),
(10, 'October', NULL),
(11, 'November', NULL),
(12, 'December', NULL);

-- --------------------------------------------------------

--
-- Table structure for table `payslip_history`
--

CREATE TABLE `payslip_history` (
  `id` int(11) NOT NULL,
  `file_name` varchar(255) NOT NULL,
  `employee_name` varchar(255) NOT NULL,
  `department` varchar(100) NOT NULL,
  `months` varchar(255) NOT NULL,
  `download_time` datetime DEFAULT current_timestamp(),
  `user_id` int(11) NOT NULL
) ENGINE=InnoDB DEFAULT CHARSET=latin1 COLLATE=latin1_swedish_ci;

--
-- Dumping data for table `payslip_history`
--

INSERT INTO `payslip_history` (`id`, `file_name`, `employee_name`, `department`, `months`, `download_time`, `user_id`) VALUES
(1, 'payslip_BUNGAY,_JULY_2025.pdf', 'bungay', 'ADMIN', 'JULY', '2025-08-19 09:10:15', 0),
(2, 'payslip_DITAN,_JUNE_2025.pdf', 'ditan', 'ADMIN', 'JUNE,JULY,AUGUST', '2025-08-19 09:11:23', 0),
(3, 'payslip_MORALES,_APRIL_2025.pdf', 'amparo', 'AUXILLIARY', 'APRIL,MAY', '2025-08-19 09:12:38', 0),
(4, 'payslip_MORALES,_APRIL_2025.pdf', 'amparo', 'AUXILLIARY', 'APRIL,MAY,JUNE', '2025-08-19 09:13:09', 0),
(5, 'payslip_MORALES,_MARCH_2025.pdf', 'amparo', 'AUXILLIARY', 'MARCH,APRIL,MAY', '2025-08-19 09:13:45', 0),
(6, 'payslip_POTOTOY,_APRIL_2025.pdf', 'poto', 'ADMIN', 'APRIL,MAY,JUNE', '2025-08-19 09:14:39', 0),
(7, 'payslip_HAPITA,_APRIL_2025.pdf', 'hapita', 'ADMIN', 'APRIL,MAY', '2025-08-19 09:17:38', 0),
(8, 'payslip_DITAN,_MAY_2025.pdf', 'ditan', 'ADMIN', 'MAY', '2025-08-19 09:28:38', 0),
(9, 'payslip_DITAN,_MAY_2025.pdf', 'ditan', 'ADMIN', 'MAY,JUNE', '2025-08-19 09:29:02', 0),
(10, 'payslip_BUNGAY,_MARCH_2025.pdf', 'bungay', 'ADMIN', 'MARCH', '2025-08-19 09:32:51', 0),
(11, 'payslip_BUNGAY,_MARCH_2025.pdf', 'bungay', 'ADMIN', 'MARCH,APRIL', '2025-08-19 09:33:06', 0),
(12, 'payslip_BUNGAY,_MARCH_2025.pdf', 'bungay', 'ADMIN', 'MARCH,APRIL', '2025-08-19 09:33:22', 0),
(13, 'payslip_BUNGAY,_MARCH_2025.pdf', 'bungay', 'ADMIN', 'MARCH,APRIL,MAY', '2025-08-19 09:33:44', 0),
(14, 'payslip_DITAN,_JULY_2025.pdf', 'ditan', 'ADMIN', 'JULY', '2025-08-19 09:39:31', 0),
(15, 'payslip_DITAN,_JULY_2025.pdf', 'ditan', 'ADMIN', 'JULY,AUGUST', '2025-08-19 09:40:30', 0),
(16, 'payslip_DITAN,_JUNE_2025.pdf', 'ditan', 'ADMIN', 'JUNE,JULY,AUGUST', '2025-08-19 09:40:55', 0),
(17, 'payslip_DITAN,_JUNE_2025.pdf', 'ditan', 'ADMIN', 'JUNE,JULY,AUGUST', '2025-08-19 09:54:15', 0),
(18, 'payslip_BUNGAY,_JUNE_2025.pdf', 'bungay', 'ADMIN', 'JUNE,JULY,AUGUST', '2025-08-19 09:55:00', 0),
(19, 'payslip_MORALES,_APRIL_2025.pdf', 'ampa', 'AUXILLIARY', 'APRIL,MAY,JUNE', '2025-08-19 09:55:33', 0),
(20, 'payslip_MORALES,_APRIL_2025.pdf', 'ampa', 'AUXILLIARY', 'APRIL', '2025-08-19 09:55:50', 0),
(21, 'payslip_MORALES,_APRIL_2025.pdf', 'ampa', 'AUXILLIARY', 'APRIL,MAY', '2025-08-19 09:56:10', 0),
(22, 'payslip_DITAN,_JULY_2025.pdf', 'ditan', 'ADMIN', 'JULY', '2025-08-19 12:48:28', 0),
(23, 'payslip_VALENZUELA,_JULY_2025.pdf', 'VALEN', 'ADMIN', 'JULY', '2025-08-20 08:39:11', 0),
(24, 'payslip_PEREIRA,_AUGUST_2025.pdf', 'pereira', 'CAFA', 'AUGUST', '2025-08-20 09:46:46', 0),
(25, 'payslip_PEREIRA,_AUGUST_2025.pdf', 'pereira', 'CAFA', 'AUGUST', '2025-08-20 09:47:00', 0),
(26, 'payslip_PEREIRA,_JULY_2025.pdf', 'pereira', 'CAFA', 'JULY,AUGUST', '2025-08-20 09:47:27', 0),
(27, 'payslip_SAKAINO,_APRIL_2025.pdf', 'SAKAI', 'ADMIN', 'APRIL,MAY,JUNE', '2025-08-22 09:38:57', 0),
(28, 'payslip_SAKAINO,_JULY_2025.pdf', 'SAKAI', 'ADMIN', 'JULY', '2025-08-22 09:39:24', 0),
(29, 'payslip_MARFIL,_JUNE_2025.pdf', 'marfil', 'EXTENSION', 'JUNE,JULY,AUGUST', '2025-08-22 13:44:58', 0),
(30, 'payslip_SANCHEZ,_AUGUST_2025.pdf', 'SANCHEZ', 'N EMPLOYEE 3', 'AUGUST', '2025-08-27 09:23:34', 0),
(31, 'payslip_SANCHEZ,_JULY_2025.pdf', 'SANCHEZ', 'N EMPLOYEE 3', 'JULY', '2025-08-27 09:24:20', 0),
(32, 'payslip_SANCHEZ,_JUNE_2025.pdf', 'SANCHEZ', 'N EMPLOYEE 3', 'JUNE', '2025-08-27 09:26:03', 0),
(33, 'payslip_PUEBLA,_JUNE_2025.pdf', 'puebla', 'N EMPLOYEE 3', 'JUNE,JULY,AUGUST', '2025-08-27 16:41:36', 0),
(34, 'payslip_COSTALES,_JULY_2025.pdf', 'COSTALES', 'CAS', 'JULY,AUGUST', '2025-08-28 08:17:36', 0),
(35, 'payslip_MADDAGAN,_JUNE_2025.pdf', 'madda', 'CIT', 'JUNE,JULY,AUGUST', '2025-08-28 13:15:17', 0),
(36, 'payslip_MADDAGAN,_MAY_2025.pdf', 'madda', 'CIT', 'MAY', '2025-08-28 13:18:13', 0),
(37, 'payslip_JAVIER,_JUNE_2025.pdf', 'javier', 'TEMPO', 'JUNE', '2025-08-28 14:28:47', 0),
(38, 'payslip_JAVIER,_JULY_2025.pdf', 'javier', 'TEMPO', 'JULY', '2025-08-28 14:32:49', 0),
(39, 'payslip_JAVIER,_AUGUST_2025.pdf', 'javier', 'TEMPO', 'AUGUST', '2025-08-28 14:35:12', 0),
(40, 'payslip_VALENZUELA,_JULY_2025.pdf', 'ARCHIE', 'ADMIN', 'JULY', '2025-08-29 15:03:42', 0),
(41, 'payslip_BARBARONA,_JUNE_2025.pdf', 'DANICA', 'ADMIN', 'JUNE,JULY,AUGUST', '2025-09-02 09:16:18', 0),
(42, 'payslip_NUÃ‘EZ,_JUNE_2025.pdf', 'CARLYN', 'CAS', 'JUNE,JULY,AUGUST', '2025-09-02 09:20:08', 0),
(43, 'payslip_DOCTOR,_AUGUST_2025.pdf', 'DOCTOR', 'CAS', 'AUGUST', '2025-09-02 13:03:51', 0),
(44, 'payslip_SONIO,_JUNE_2025.pdf', 'SONIO', 'CED', 'JUNE,JULY,AUGUST', '2025-09-02 14:21:34', 0),
(45, 'payslip_GOMEZ,_JULY_2025.pdf', 'GOMEZ', 'CED', 'JULY,AUGUST', '2025-09-02 14:33:00', 0),
(46, 'payslip_ISLA,_AUGUST_2025.pdf', 'isla', 'CIT', 'AUGUST', '2025-09-02 17:25:01', 0),
(47, 'payslip_SALTORIO,_JUNE_2025.pdf', 'SALT', 'RESEARCH', 'JUNE,JULY,AUGUST', '2025-09-03 11:39:07', 0),
(48, 'payslip_SALTORIO,_JUNE_2025.pdf', 'SALTORIO', 'RESEARCH', 'JUNE,JULY,AUGUST', '2025-09-03 11:51:48', 0),
(49, 'payslip_SALTORIO,_JUNE_2025.pdf', 'SALT', 'RESEARCH', 'JUNE,JULY,AUGUST', '2025-09-03 11:52:47', 0),
(50, 'payslip_SALTORIO,_JUNE_2025.pdf', 'SALT', 'RESEARCH', 'JUNE,JULY,AUGUST', '2025-09-03 11:56:24', 0),
(51, 'payslip_SALTORIO,_JUNE_2025.pdf', 'SALT', 'RESEARCH', 'JUNE,JULY,AUGUST', '2025-09-03 11:57:16', 0),
(52, 'payslip_JAVIER,_JUNE_2025.pdf', 'JAVIER', 'TEMPO', 'JUNE,JULY,AUGUST', '2025-09-03 11:59:15', 0),
(53, 'payslip_JAVIER,_JUNE_2025.pdf', 'JAVIER', 'TEMPO', 'JUNE,JULY,AUGUST', '2025-09-03 11:59:15', 0),
(54, 'payslip_JAVIER,_JUNE_2025.pdf', 'JAVIER', 'TEMPO', 'JUNE,JULY,AUGUST', '2025-09-03 12:00:47', 0),
(55, 'payslip_ASIS,_JUNE_2025.pdf', 'ASIS', 'N EMPLOYEE 3', 'JUNE,JULY,AUGUST', '2025-09-04 13:05:38', 0),
(56, 'payslip_CASTILLO,_JUNE_2025.pdf', 'CASTILLO', 'ADMIN', 'JUNE,JULY,AUGUST', '2025-09-04 13:51:35', 0),
(57, 'payslip_MANOGUID,_JUNE_2025.pdf', 'manoguid', 'N EMPLOYEE 3', 'JUNE,JULY,AUGUST', '2025-09-05 08:03:47', 0),
(58, 'payslip_TOBIAS,_AUGUST_2025.pdf', 'tobia', 'CIT', 'AUGUST', '2025-09-05 10:22:26', 0),
(59, 'payslip_SABATE,_JULY_2025.pdf', 'sabate', 'N EMPLOYEE 3', 'JULY,AUGUST', '2025-09-08 09:25:14', 0),
(60, 'payslip_ABAD,_JULY_2025.pdf', 'abad', 'N EMPLOYEE 3', 'JULY', '2025-09-08 11:27:00', 0),
(61, 'payslip_DOMINGO,_AUGUST_2025.pdf', 'GERLYN', 'EXTENSION', 'AUGUST', '2025-09-10 09:22:58', 0),
(62, 'payslip_SANTOS,_JUNE_2025.pdf', 'SANTOS', 'CBA', 'JUNE,JULY,AUGUST', '2025-09-10 11:44:17', 0),
(63, 'payslip_SANTOS,_JUNE_2025.pdf', 'SANTOS', 'CBA', 'JUNE,JULY', '2025-09-10 11:54:48', 0),
(64, 'payslip_MAMACLAY,_JULY_2025.pdf', 'mamaclay', 'N EMPLOYEE 3', 'JULY,AUGUST,SEPTEMBER', '2025-09-15 10:59:54', 0),
(65, 'payslip_SALAZAR,_JULY_2025.pdf', 'salazar', 'N EMPLOYEE 3', 'JULY,AUGUST,SEPTEMBER', '2025-09-15 11:00:52', 0),
(66, 'payslip_BORJA,_SEPTEMBER_2025.pdf', 'BORJA', 'TEMPO', 'SEPTEMBER', '2025-09-15 14:00:35', 0),
(67, 'payslip_DINEROS,_SEPTEMBER_2025.pdf', 'DINEROS', 'CBA', 'SEPTEMBER', '2025-09-15 14:07:17', 0),
(68, 'payslip_CAPILI,_SEPTEMBER_2025.pdf', 'CAPILI', 'CAS', 'SEPTEMBER', '2025-09-16 08:39:28', 0),
(69, 'payslip_OCHOTORENA,_AUGUST_2025.pdf', 'OCHO', 'CBA', 'AUGUST', '2025-09-16 08:43:35', 0),
(70, 'payslip_OCHOTORENA,_AUGUST_2025.pdf', 'OCHO', 'CBA', 'AUGUST', '2025-09-16 08:44:05', 0),
(71, 'payslip_OCHOTORENA,_AUGUST_2025.pdf', 'OCHO', 'CBA', 'AUGUST', '2025-09-16 08:44:22', 0),
(72, 'payslip_MADDAGAN,_JULY_2025.pdf', 'madda', 'CIT', 'JULY,AUGUST,SEPTEMBER', '2025-09-16 14:24:01', 0),
(73, 'payslip_MADDAGAN,_JULY_2025.pdf', 'madda', 'CIT', 'JULY,AUGUST,SEPTEMBER', '2025-09-16 14:25:34', 0),
(74, 'payslip_DUYAN,_SEPTEMBER_2025.pdf', 'DUYAN', 'AUXILLIARY', 'SEPTEMBER', '2025-09-17 10:11:35', 0),
(75, 'payslip_DUYAN,_JULY_2025.pdf', 'DUYAN', 'AUXILLIARY', 'JULY,AUGUST,SEPTEMBER', '2025-09-17 10:12:50', 0),
(76, 'payslip_MAMARADLO,_APRIL_2025.pdf', 'MAMA', 'ADMIN', 'APRIL,MAY,JUNE', '2025-09-17 10:14:13', 0),
(77, 'payslip_MAMARADLO,_MARCH_2025.pdf', 'MAMA', 'ADMIN', 'MARCH,APRIL,MAY', '2025-09-17 10:15:12', 0),
(78, 'payslip_MORALES,_MAY_2025.pdf', 'MORALES', 'AUXILLIARY', 'MAY,JUNE,JULY', '2025-09-17 10:15:42', 0),
(79, 'payslip_DITAN,_MAY_2025.pdf', 'DITAN', 'ADMIN', 'MAY,JUNE,JULY', '2025-09-17 10:16:08', 0),
(80, 'payslip_BUNGAY,_JULY_2025.pdf', 'BUNGAY', 'ADMIN', 'JULY,AUGUST,SEPTEMBER', '2025-09-17 10:16:52', 0),
(81, 'payslip_BUNGAY,_JULY_2025.pdf', 'BUNGAY', 'ADMIN', 'JULY', '2025-09-17 10:17:10', 0),
(82, 'payslip_PAGALING,_SEPTEMBER_2025.pdf', 'pagaling', 'CBA', 'SEPTEMBER', '2025-09-17 15:46:38', 0),
(83, 'payslip_PAGALING,_SEPTEMBER_2025.pdf', 'pagaling', 'CBA', 'SEPTEMBER', '2025-09-17 15:48:41', 0),
(84, 'payslip_PAGALING,_SEPTEMBER_2025.pdf', 'pagaling', 'CBA', 'SEPTEMBER', '2025-09-17 15:49:02', 0),
(85, 'payslip_PAGALING,_SEPTEMBER_2025.pdf', 'pagaling', 'CBA', 'SEPTEMBER', '2025-09-17 15:49:24', 0),
(86, 'payslip_PAGALING,_SEPTEMBER_2025.pdf', 'pagaling', 'CBA', 'SEPTEMBER', '2025-09-17 15:49:40', 0),
(87, 'payslip_PAGALING,_JULY_2025.pdf', 'pagaling', 'CBA', 'JULY,AUGUST,SEPTEMBER', '2025-09-17 15:50:20', 0),
(88, 'payslip_PAGALING,_JULY_2025.pdf', 'pagaling', 'CBA', 'JULY,AUGUST,SEPTEMBER', '2025-09-17 15:50:21', 0),
(89, 'payslip_PAGALING,_SEPTEMBER_2025.pdf', 'pagaling', 'CBA', 'SEPTEMBER', '2025-09-17 15:50:48', 0),
(90, 'payslip_PAGALING,_JULY_2025.pdf', 'pagaling', 'CBA', 'JULY,AUGUST,SEPTEMBER', '2025-09-17 15:51:03', 0),
(91, 'payslip_PAGALING,_JULY_2025.pdf', 'pagaling', 'CBA', 'JULY,AUGUST,SEPTEMBER', '2025-09-17 15:51:28', 0),
(92, 'payslip_PAGALING,_SEPTEMBER_2025.pdf', 'pagaling', 'CBA', 'SEPTEMBER', '2025-09-17 15:51:45', 0),
(93, 'payslip_SAN_JULY_2025.pdf', 'DHA', 'CAS', 'JULY,AUGUST,SEPTEMBER', '2025-09-17 16:31:34', 0),
(94, 'payslip_NIETO,_SEPTEMBER_2025.pdf', 'NIETO', 'CAS', 'SEPTEMBER', '2025-09-18 10:24:13', 0),
(95, 'payslip_MORACA,_SEPTEMBER_2025.pdf', 'MORACA', 'CAS', 'SEPTEMBER', '2025-09-18 10:24:52', 0),
(96, 'payslip_CAPUCAO,_SEPTEMBER_2025.pdf', 'CAPUCAO', 'CIT', 'SEPTEMBER', '2025-09-18 10:25:42', 0),
(97, 'payslip_OLIVEROS,_SEPTEMBER_2025.pdf', 'OLI', 'CAS', 'SEPTEMBER', '2025-09-18 10:26:33', 0),
(98, 'payslip_BALAYAN,_SEPTEMBER_2025.pdf', 'BALA', 'CAS', 'SEPTEMBER', '2025-09-18 10:27:33', 0),
(99, 'payslip_POBLETE,_JULY_2025.pdf', 'poblete', 'TEMPO', 'JULY,AUGUST,SEPTEMBER', '2025-09-18 11:27:07', 0),
(100, 'payslip_MADDAGAN,_JULY_2025.pdf', 'MADD', 'CIT', 'JULY,AUGUST,SEPTEMBER', '2025-09-18 13:54:03', 0),
(101, 'payslip_SANCHEZ,_JULY_2025.pdf', 'SANCHEZ', 'N EMPLOYEE 3', 'JULY,AUGUST,SEPTEMBER', '2025-09-18 15:04:46', 0),
(102, 'payslip_BUSA,_JULY_2025.pdf', 'BUSA', 'TEMPO', 'JULY,AUGUST,SEPTEMBER', '2025-09-18 16:22:47', 0),
(103, 'payslip_CRUZ,_JUNE_2025.pdf', 'cruz', 'CBA', 'JUNE,JULY,AUGUST', '2025-09-19 09:46:08', 0),
(104, 'payslip_CRUZ,_SEPTEMBER_2025.pdf', 'cruz', 'CBA', 'SEPTEMBER', '2025-09-19 09:47:06', 0),
(105, 'payslip_CRUZ,_SEPTEMBER_2025.pdf', 'cruz', 'CBA', 'SEPTEMBER', '2025-09-19 10:31:57', 0),
(106, 'payslip_CRUZ,_SEPTEMBER_2025.pdf', 'cruz', 'CBA', 'SEPTEMBER', '2025-09-19 10:31:57', 0),
(107, 'payslip_CRUZ,_SEPTEMBER_2025.pdf', 'cruz', 'CBA', 'SEPTEMBER', '2025-09-19 10:31:57', 0),
(108, 'payslip_AGNAS._SEPTEMBER_2025.pdf', 'AGNAS', 'ADMIN', 'SEPTEMBER', '2025-09-19 13:23:14', 0),
(109, 'payslip_BARAL,_AUGUST_2025.pdf', 'baral', 'CEN', 'AUGUST,SEPTEMBER', '2025-09-19 15:18:04', 0),
(110, 'payslip_BARAL,_AUGUST_2025.pdf', 'baral', 'CEN', 'AUGUST,SEPTEMBER', '2025-09-19 15:19:04', 0),
(111, 'payslip_BARAL,_AUGUST_2025.pdf', 'BARAL', 'CEN', 'AUGUST,SEPTEMBER', '2025-09-23 09:31:47', 0),
(112, 'payslip_OCHOTORENA,_SEPTEMBER_2025.pdf', 'ocho', 'CBA', 'SEPTEMBER', '2025-09-24 13:24:18', 0),
(113, 'payslip_CELESTIAL,_JULY_2025.pdf', 'celestial', 'CBA', 'JULY,AUGUST,SEPTEMBER', '2025-09-24 14:21:47', 0),
(114, 'payslip_REBLANDO,_JULY_2025.pdf', 'reblando', 'CIT', 'JULY,AUGUST,SEPTEMBER', '2025-09-24 15:55:55', 0),
(115, 'payslip_PURIFICACION,_JULY_2025.pdf', 'ABIGAIL', 'N EMPLOYEE 3', 'JULY,AUGUST,SEPTEMBER', '2025-09-25 13:27:30', 0),
(116, 'payslip_PURIFICACION,_APRIL_2025.pdf', 'ABIGAIL', 'N EMPLOYEE 3', 'APRIL,MAY,JUNE', '2025-09-25 13:31:21', 0),
(117, 'payslip_DE_APRIL_2025.pdf', 'DIGNA', 'ADMIN', 'APRIL,MAY,JUNE', '2025-09-25 13:34:07', 0),
(118, 'payslip_DE_JULY_2025.pdf', 'DIGNA', 'ADMIN', 'JULY,AUGUST,SEPTEMBER', '2025-09-25 13:34:21', 0),
(119, 'payslip_DE_JANUARY_2025.pdf', 'DIGNA', 'ADMIN', 'JANUARY,FEBRUARY,MARCH', '2025-09-25 13:41:43', 0),
(120, 'payslip_DE_JANUARY_2025.pdf', 'DIGNA', 'ADMIN', 'JANUARY,FEBRUARY,MARCH', '2025-09-25 13:42:48', 0),
(121, 'payslip_DE_JANUARY_2025.pdf', 'DIGNA', 'ADMIN', 'JANUARY,FEBRUARY,MARCH', '2025-09-25 13:46:55', 0),
(122, 'payslip_DE_JANUARY_2025.pdf', 'DIGNA', 'ADMIN', 'JANUARY,FEBRUARY,MARCH', '2025-09-25 13:48:39', 0),
(123, 'payslip_MORALES,_JULY_2025.pdf', 'amp', 'AUXILLIARY', 'JULY,AUGUST', '2025-09-29 09:09:53', 0),
(124, 'payslip_MORALES,_JULY_2025.pdf', 'amp', 'AUXILLIARY', 'JULY,AUGUST,SEPTEMBER', '2025-09-29 09:13:15', 0),
(125, 'payslip_MORALES,_APRIL_2025.pdf', 'amp', 'AUXILLIARY', 'APRIL,MAY,JUNE', '2025-09-29 09:14:19', 0),
(126, 'payslip_MORALES,_APRIL_2025.pdf', 'amp', 'AUXILLIARY', 'APRIL,MAY,JUNE', '2025-09-29 09:14:41', 0),
(127, 'payslip_MORALES,_JUNE_2025.pdf', 'amp', 'AUXILLIARY', 'JUNE,JULY,AUGUST', '2025-09-29 09:15:10', 0),
(128, 'payslip_MORALES,_JULY_2025.pdf', 'amp', 'AUXILLIARY', 'JULY,AUGUST,SEPTEMBER', '2025-09-29 09:15:53', 0),
(129, 'payslip_MORALES,_JUNE_2025.pdf', 'amp', 'AUXILLIARY', 'JUNE,JULY,AUGUST', '2025-09-29 09:16:19', 0),
(130, 'payslip_MORALES,_APRIL_2025.pdf', 'amp', 'AUXILLIARY', 'APRIL,MAY,JUNE', '2025-09-29 09:17:03', 0),
(131, 'payslip_MORALES,_JULY_2025.pdf', 'amp', 'AUXILLIARY', 'JULY,AUGUST,SEPTEMBER', '2025-09-29 09:17:22', 0),
(132, 'payslip_MORALES,_MAY_2025.pdf', 'amp', 'AUXILLIARY', 'MAY,JUNE,JULY', '2025-09-29 09:18:07', 0),
(133, 'payslip_MAMARADLO,_JUNE_2025.pdf', 'rog', 'ADMIN', 'JUNE,JULY,AUGUST', '2025-09-29 09:23:38', 0),
(134, 'payslip_MAMARADLO,_MAY_2025.pdf', 'rog', 'ADMIN', 'MAY,JUNE,JULY', '2025-09-29 09:24:10', 0),
(135, 'payslip_BAUTISTA,_SEPTEMBER_2025.pdf', 'BAUTIS', 'CEN', 'SEPTEMBER', '2025-09-29 13:54:56', 0),
(136, 'payslip_BAUTISTA,_SEPTEMBER_2025.pdf', 'BAUT', 'CEN', 'SEPTEMBER', '2025-09-29 14:07:04', 0),
(137, 'payslip_BAUTISTA,_SEPTEMBER_2025.pdf', 'BAUTI', 'CEN', 'SEPTEMBER', '2025-09-29 14:08:12', 0),
(138, 'payslip_BAUTISTA,_SEPTEMBER_2025.pdf', 'BAUT', 'CEN', 'SEPTEMBER', '2025-09-29 14:08:44', 0),
(139, 'payslip_BAUTISTA,_SEPTEMBER_2025.pdf', 'BAUT', 'CEN', 'SEPTEMBER', '2025-09-29 14:09:28', 0),
(140, 'payslip_BAUTISTA,_SEPTEMBER_2025.pdf', 'BAUT', 'CEN', 'SEPTEMBER', '2025-09-29 14:10:13', 0),
(141, 'payslip_MAMARADLO,_JULY_2025.pdf', 'rog', 'ADMIN', 'JULY,AUGUST,SEPTEMBER', '2025-09-29 16:23:39', 0),
(142, 'payslip_MORALES,_JUNE_2025.pdf', 'amp', 'AUXILLIARY', 'JUNE,JULY,AUGUST', '2025-09-29 16:25:06', 0),
(143, 'payslip_MORALES,_JUNE_2025.pdf', 'amp', 'AUXILLIARY', 'JUNE,JULY,AUGUST', '2025-09-29 16:25:07', 0),
(144, 'payslip_TINGGA,_JULY_2025.pdf', 'ting', 'CBA', 'JULY,AUGUST,SEPTEMBER', '2025-10-01 16:03:33', 0),
(145, 'payslip_TINGGA,_JULY_2025.pdf', 'tingga', 'CBA', 'JULY,AUGUST,SEPTEMBER', '2025-10-01 16:05:27', 0),
(146, 'payslip_NUÃ‘EZ,_JULY_2025.pdf', 'carlyn', 'CAS', 'JULY,AUGUST,SEPTEMBER', '2025-10-01 16:06:21', 0),
(147, 'payslip_BAUTISTA,_JULY_2025.pdf', 'bautis', 'CEN', 'JULY,AUGUST,SEPTEMBER', '2025-10-01 16:07:12', 0),
(148, 'payslip_BAUTISTA,_JULY_2025.pdf', 'baut', 'CEN', 'JULY,AUGUST,SEPTEMBER', '2025-10-01 16:10:43', 0),
(149, 'payslip_NUÃ‘EZ,_MARCH_2025.pdf', 'DINA', 'CAS', 'MARCH,APRIL,MAY', '2025-10-01 17:18:00', 0),
(150, 'payslip_NUÃ‘EZ,_JUNE_2025.pdf', 'DINA', 'CAS', 'JUNE,JULY,AUGUST', '2025-10-01 17:18:25', 0),
(151, 'payslip_NUÃ‘EZ,_JULY_2025.pdf', 'DINA', 'CAS', 'JULY,AUGUST,SEPTEMBER', '2025-10-01 17:26:37', 0),
(152, 'payslip_MAMARADLO,_JULY_2025.pdf', 'mama', 'ADMIN', 'JULY,AUGUST', '2025-10-04 16:31:14', 0),
(153, 'payslip_MAMARADLO,_JULY_2025.pdf', 'mama', 'ADMIN', 'JULY,AUGUST,SEPTEMBER', '2025-10-04 16:32:58', 0),
(154, 'payslip_MAMARADLO,_JULY_2025.pdf', 'mama', 'ADMIN', 'JULY,AUGUST,SEPTEMBER', '2025-10-04 16:34:22', 0),
(155, 'payslip_MAMARADLO,_JULY_2025.pdf', 'mama', 'ADMIN', 'JULY,AUGUST,SEPTEMBER', '2025-10-04 16:34:50', 0),
(156, 'payslip_MAMARADLO,_JULY_2025.pdf', 'mama', 'ADMIN', 'JULY,AUGUST,SEPTEMBER', '2025-10-04 16:35:20', 0),
(157, 'payslip_MAMARADLO,_APRIL_2025.pdf', 'mama', 'ADMIN', 'APRIL,MAY,JUNE', '2025-10-04 16:35:43', 0),
(158, 'payslip_TIPAN,_JULY_2025.pdf', 'TIPAN', 'ADMIN', 'JULY,AUGUST,SEPTEMBER', '2025-10-06 10:38:29', 0),
(159, 'payslip_CABOGATAN,_SEPTEMBER_2025.pdf', 'CABOGATAN', 'ADMIN', 'SEPTEMBER', '2025-10-06 10:47:59', 0),
(160, 'payslip_CABOGATAN,_JULY_2025.pdf', 'CABOGATAN', 'ADMIN', 'JULY,AUGUST,SEPTEMBER', '2025-10-06 10:48:28', 0),
(161, 'payslip_FALSARIO,_JULY_2025.pdf', 'FALSARIO', 'N EMPLOYEE 3', 'JULY,AUGUST,SEPTEMBER', '2025-10-06 10:54:43', 0),
(162, 'payslip_CASTILLO,_JULY_2025.pdf', 'CASTILLO', 'ADMIN', 'JULY,AUGUST,SEPTEMBER', '2025-10-06 10:55:39', 0),
(163, 'payslip_DATU,_JULY_2025.pdf', 'DATU', 'CIT', 'JULY,AUGUST,SEPTEMBER', '2025-10-06 10:58:45', 0),
(164, 'payslip_DATU,_APRIL_2025.pdf', 'datu', 'CIT', 'APRIL,MAY,JUNE', '2025-10-06 11:08:24', 0),
(165, 'payslip_DATU,_MARCH_2025.pdf', 'datu', 'CIT', 'MARCH,APRIL,MAY', '2025-10-06 11:23:27', 0),
(166, 'payslip_MAMARADLO,_JULY_2025.pdf', 'mama', 'ADMIN', 'JULY', '2025-10-06 21:02:12', 0),
(167, 'payslip_MAMARADLO,_MAY_2025.pdf', 'mama', 'ADMIN', 'MAY', '2025-10-06 21:11:03', 0),
(168, 'payslip_MAMARADLO,_MAY_2025.pdf', 'mama', 'ADMIN', 'MAY', '2025-10-06 21:11:43', 0);

--
-- Indexes for dumped tables
--

--
-- Indexes for table `department`
--
ALTER TABLE `department`
  ADD PRIMARY KEY (`id`);

--
-- Indexes for table `employeedatapayroll`
--
ALTER TABLE `employeedatapayroll`
  ADD PRIMARY KEY (`id`),
  ADD KEY `fk_payroll_month` (`month_id`),
  ADD KEY `fk_payroll_department` (`department_id`);

--
-- Indexes for table `employeedataremittance`
--
ALTER TABLE `employeedataremittance`
  ADD PRIMARY KEY (`id`),
  ADD UNIQUE KEY `payroll_id` (`payroll_id`),
  ADD KEY `fk_remittance_month` (`month_id`),
  ADD KEY `fk_remittance_department` (`department_id`);

--
-- Indexes for table `month`
--
ALTER TABLE `month`
  ADD PRIMARY KEY (`id`),
  ADD KEY `fk_month_department` (`department_id`);

--
-- Indexes for table `payslip_history`
--
ALTER TABLE `payslip_history`
  ADD PRIMARY KEY (`id`);

--
-- AUTO_INCREMENT for dumped tables
--

--
-- AUTO_INCREMENT for table `department`
--
ALTER TABLE `department`
  MODIFY `id` int(11) NOT NULL AUTO_INCREMENT, AUTO_INCREMENT=17;

--
-- AUTO_INCREMENT for table `employeedatapayroll`
--
ALTER TABLE `employeedatapayroll`
  MODIFY `id` int(11) NOT NULL AUTO_INCREMENT, AUTO_INCREMENT=62;

--
-- AUTO_INCREMENT for table `employeedataremittance`
--
ALTER TABLE `employeedataremittance`
  MODIFY `id` int(11) NOT NULL AUTO_INCREMENT, AUTO_INCREMENT=987;

--
-- AUTO_INCREMENT for table `month`
--
ALTER TABLE `month`
  MODIFY `id` int(11) NOT NULL AUTO_INCREMENT, AUTO_INCREMENT=14;

--
-- AUTO_INCREMENT for table `payslip_history`
--
ALTER TABLE `payslip_history`
  MODIFY `id` int(11) NOT NULL AUTO_INCREMENT, AUTO_INCREMENT=169;

--
-- Constraints for dumped tables
--

--
-- Constraints for table `employeedatapayroll`
--
ALTER TABLE `employeedatapayroll`
  ADD CONSTRAINT `fk_payroll_department` FOREIGN KEY (`department_id`) REFERENCES `department` (`id`) ON DELETE CASCADE ON UPDATE CASCADE,
  ADD CONSTRAINT `fk_payroll_month` FOREIGN KEY (`month_id`) REFERENCES `month` (`id`) ON DELETE CASCADE ON UPDATE CASCADE;

--
-- Constraints for table `employeedataremittance`
--
ALTER TABLE `employeedataremittance`
  ADD CONSTRAINT `fk_remittance_department` FOREIGN KEY (`department_id`) REFERENCES `department` (`id`) ON DELETE CASCADE ON UPDATE CASCADE,
  ADD CONSTRAINT `fk_remittance_month` FOREIGN KEY (`month_id`) REFERENCES `month` (`id`) ON DELETE CASCADE ON UPDATE CASCADE,
  ADD CONSTRAINT `fk_remittance_payroll` FOREIGN KEY (`payroll_id`) REFERENCES `employeedatapayroll` (`id`) ON DELETE CASCADE ON UPDATE CASCADE;

--
-- Constraints for table `month`
--
ALTER TABLE `month`
  ADD CONSTRAINT `fk_month_department` FOREIGN KEY (`department_id`) REFERENCES `department` (`id`) ON DELETE CASCADE ON UPDATE CASCADE;
COMMIT;

/*!40101 SET CHARACTER_SET_CLIENT=@OLD_CHARACTER_SET_CLIENT */;
/*!40101 SET CHARACTER_SET_RESULTS=@OLD_CHARACTER_SET_RESULTS */;
/*!40101 SET COLLATION_CONNECTION=@OLD_COLLATION_CONNECTION */;
